<?xml version="1.0" encoding="UTF-8"?>
<project-private xmlns="http://www.netbeans.org/ns/project-private/1">
    <editor-bookmarks xmlns="http://www.netbeans.org/ns/editor-bookmarks/2" lastBookmarkId="0"/>
    <open-files xmlns="http://www.netbeans.org/ns/projectui-open-files/2">
        <group>
            <file>file:/C:/Users/Carlos%20Juca/Desktop/UTPL/4TO%20CICLO/PROGRAMACION%20AVANZADA/G3_PA/G3_A%20PA/ESports/src/Logica/LogEquipo.java</file>
            <file>file:/C:/Users/Carlos%20Juca/Desktop/UTPL/4TO%20CICLO/PROGRAMACION%20AVANZADA/G3_PA/G3_A%20PA/ESports/src/interfaz/EquipoIdeal.java</file>
            <file>file:/C:/Users/Carlos%20Juca/Desktop/UTPL/4TO%20CICLO/PROGRAMACION%20AVANZADA/G3_PA/G3_A%20PA/ESports/src/Clases/Equipo.java</file>
        </group>
    </open-files>
</project-private>
